Latitude,Longitude,Tipo,Nome
-12.9978883,-38.4505445,place_of_worship,Igreja Seicho No Ie do Brasil
-12.9895764,-38.4732330,bank,Caixa Econômica Federal
-12.9889579,-38.4726100,clinic,INOOA
-12.9883381,-38.4674119,fuel,Hiperposto
-13.0054355,-38.4577925,restaurant,Restau Vila
-13.0046742,-38.4538681,fuel,Shell
-13.0067136,-38.4657388,restaurant,Manhattan
-12.9944726,-38.4639336,fast_food,Lanchonete Tudo de Bom
-12.9947462,-38.4645914,bar,BTQ 161
-12.9966767,-38.4642650,atm,Bradesco
-12.9962301,-38.4652886,atm,Itaú
-13.0083381,-38.4641641,pharmacy,Pague Menos
-13.0073315,-38.4627558,bank,Caixa Econômica Federal
-13.0076294,-38.4624855,bank,Banco Santander
-12.9862798,-38.4676129,bank,Santander
-13.0039917,-38.4588616,ice_cream,Sorvete Amaralina
-12.9932267,-38.4626414,fast_food,O rei da coxinha
-12.9937589,-38.4602171,cafe,Tortarelli
-12.9938739,-38.4601514,place_of_worship,Igreja Batista Regular da Pituba
-12.9944570,-38.4597070,police,Guarda Municipal
-12.9913793,-38.4606574,bar,Boteco do Caranguejo
-12.9915460,-38.4606339,pub,Bar Preto
-12.9877297,-38.4667036,bank,Santander
-12.9956364,-38.4712936,cinema,Cine Daten
-12.9990928,-38.4597096,restaurant,Cremonini
-12.9972799,-38.4636050,bicycle_rental,Estação BRT - Itaigara
-12.9991234,-38.4633117,restaurant,Spaggeti's Lilas
-13.0049181,-38.4572708,bank,Itaú
-13.0048534,-38.4570483,theatre,Teatro Jorge Amado
-13.0051638,-38.4564431,place_of_worship,Igreja de Nossa Senhora da Luz
-13.0061983,-38.4591124,restaurant,Bella Gourmet
-13.0063628,-38.4597403,restaurant,Gergelim
-12.9975205,-38.4517522,restaurant,Brisa Restaurante Natural
-13.0055116,-38.4624884,bicycle_parking,Faculdade Ruy Barbosa
-12.9964387,-38.4639138,bicycle_parking,Shopping Itaigara
-12.9977923,-38.4659740,place_of_worship,Igreja Batista Caminho das Árvores
-13.0001817,-38.4638047,school,Arca de Noé
-13.0011062,-38.4602934,school,Escola Lápis de Cor
-13.0002333,-38.4603309,school,Escola Colmeia
-13.0017029,-38.4627909,school,Escola Brincando e Construindo
-12.9990470,-38.4634496,school,Escola Alegre Mundo
-12.9876204,-38.4538436,restaurant,Armazem Pizzaria
-12.9877432,-38.4537663,fast_food,Subway
-12.9899720,-38.4542760,pharmacy,Drogaria São Paulo
-13.0010495,-38.4606492,restaurant,Empório do Pão
-13.0014237,-38.4608160,dojo,Academia Budokan
-12.9928137,-38.4512142,studio,On Top Produtora
-12.9926425,-38.4511736,restaurant,Tijela Restaurante e Lanchonete
-13.0027754,-38.4517684,bicycle_rental,Jardim dos Namorados
-13.0027702,-38.4552412,bicycle_rental,Praça Marconi
-13.0032935,-38.4526624,fast_food,Habib's
-13.0043783,-38.4545470,pharmacy,Drogasil
-12.9990560,-38.4604049,fast_food,Domino's
-13.0047412,-38.4547313,school,Análise Vestibular
-13.0052579,-38.4559308,restaurant,Gibão de Couro
-13.0041311,-38.4536990,restaurant,Buena Vida
-13.0046821,-38.4544591,bank,Banco do Nordeste
-13.0009601,-38.4638510,restaurant,Deli&Cake
-13.0032531,-38.4632369,fast_food,Subway
-13.0013556,-38.4607171,prep_school,Kumon
-12.9981957,-38.4648869,school,Colegio Batista Brasileiro
-12.9897218,-38.4602647,clinic,Centro Diagnóstico Albert Einstein
-13.0032757,-38.4531192,school,Colégio Bunny
-13.0038596,-38.4532096,bank,Caixa Econômica Federal
-12.9921238,-38.4738095,hospital,Hospital Teresa de Lisieux
-13.0055007,-38.4602759,school,Arte Crianca
-13.0036618,-38.4586805,college,Super Geeks
-12.9898711,-38.4738651,post_office,Correios
-12.9990560,-38.4599384,fast_food,Red Burguer
-12.9990770,-38.4600529,bar,Sr. Haxi
-12.9990799,-38.4598427,clinic,Dermato+
-12.9953908,-38.4674968,dentist,Alfa Saúde Bucal
-12.9958090,-38.4671267,cafe,Viva Café
-12.9955495,-38.4712821,atm,Banco24Horas
-12.9981590,-38.4631532,restaurant,A Porteira
-13.0060407,-38.4583865,restaurant,Palhoça do Caranguejo
-13.0060077,-38.4581811,restaurant,Bagdio Pizzaria
-12.9990315,-38.4512088,restaurant,Parrillero
-13.0051489,-38.4584109,pharmacy,Pague Menos
-12.9967579,-38.4510779,police,16ª Delegacia Territorial
-13.0064942,-38.4614875,bank,Bradesco
-12.9956531,-38.4696119,pharmacy,Drogasmall
-13.0029716,-38.4580266,pharmacy,Elementar
-12.9951615,-38.4670611,fast_food,Subway
-12.9957156,-38.4681910,bank,Bradesco
-13.0057625,-38.4597170,pharmacy,Boa Farma
-13.0061225,-38.4603231,bank,Sicredi
-13.0062628,-38.4605904,pharmacy,Drogaria São Paulo
-13.0070629,-38.4617529,fast_food,Via Roma Pizza Bar
-13.0073455,-38.4617562,bank,Itaú
-13.0077335,-38.4626826,pharmacy,Farmácia Preço Popular
-13.0078775,-38.4629100,pharmacy,Drogaria Globo
-13.0083291,-38.4635232,pharmacy,Farmácia do Trabalhador Brasileiro
-13.0083857,-38.4636413,fast_food,Bob's
-13.0068389,-38.4613468,clinic,Laboratório Jaime Cerqueira
-12.9962851,-38.4651237,pharmacy,Amora
-13.0068969,-38.4605646,pharmacy,Drogasil
-12.9977451,-38.4638221,clinic,Cliderme
-12.9896917,-38.4548280,place_of_worship,Igreja Batista da Pituba
-13.0030857,-38.4580010,fast_food,Brutus Burger & Beer
-12.9901853,-38.4609750,pharmacy,Drogaria da Gente
-12.9932637,-38.4609923,bicycle_rental,Ana Lúcia Magalhães
-12.9867797,-38.4524234,bicycle_rental,Praça Aquarius
-12.9878908,-38.4688957,pharmacy,Drogarias São Paulo
-13.0049881,-38.4559533,fast_food,Estação do Lanche
-13.0050612,-38.4559483,post_office,Correios
-13.0062198,-38.4610671,pharmacy,Drogasil
-13.0080803,-38.4631736,pharmacy,Drogasil
-13.0056612,-38.4590158,bank,Banco Santander
-13.0080744,-38.4638766,cafe,Su Café Bar
-13.0078247,-38.4628158,college,Instituto Embeleze
-12.9899770,-38.4540061,pharmacy,Drogasil
-12.9921008,-38.4552676,fast_food,Bravo Burger
-12.9992445,-38.4549329,cafe,Nonna Café
-12.9997656,-38.4546719,restaurant,Yan Ping
-12.9975957,-38.4544222,atm,Banco24Horas
-12.9999545,-38.4546774,pharmacy,Multimais
-12.9998721,-38.4546532,atm,Banco24Horas
-13.0044335,-38.4587780,restaurant,O Rancho
-12.9933531,-38.4607431,bar,Atoa Lounge
-12.9933948,-38.4606315,ice_cream,San Paolo Gelato & Café
-12.9939434,-38.4600804,restaurant,Puro Healthy Food
-12.9940246,-38.4599554,pharmacy,Pague Menos
-12.9928914,-38.4610330,fast_food,Açaí & Saúde
-12.9901128,-38.4536090,restaurant,Pizza Hut
-12.9922957,-38.4611330,restaurant,Saúde na Panela
-12.9957448,-38.4709636,restaurant,Cantina Volpi
-12.9949054,-38.4716241,restaurant,Soho
-12.9955989,-38.4689135,clinic,Nutriderm
-13.0033668,-38.4518503,restaurant,Vila do Caranguejo
-12.9954854,-38.4646799,restaurant,Caminho de casa
-12.9956390,-38.4688118,restaurant,Healthy por VC
-12.9956592,-38.4693246,pharmacy,Drogaria São Paulo
-12.9952275,-38.4647745,atm,Banco24Horas
-12.9917379,-38.4611148,fast_food,Ciciliotti
-12.9962176,-38.4640900,fast_food,Subway
-12.9896969,-38.4596345,restaurant,Cazolla
-12.9935378,-38.4591660,kindergarten,Escola Creche Joãozinho e Maria
-12.9927778,-38.4610473,university,Faculdade Lusófona Bahia
-13.0029588,-38.4633320,atm,Banco24Horas
-13.0057854,-38.4618535,fast_food,Paçaki
-13.0031145,-38.4633295,pharmacy,Multifarma
-12.9909944,-38.4606533,school,Crescer
-12.9904830,-38.4540199,pharmacy,Pague Menos
-12.9896882,-38.4594372,pharmacy,Farmô
-12.9902096,-38.4599126,restaurant,Boteco da Lambreta
-12.9896842,-38.4593364,clinic,Primagem
-12.9910353,-38.4604246,bar,Cau Botequim
-13.0023308,-38.4574236,veterinary,Pet Klinic
-13.0000008,-38.4568270,restaurant,Sal Marinho
-13.0043038,-38.4576511,pharmacy,Drogasil
-12.9941830,-38.4591781,cafe,Solange Biscoitos Finos
-12.9940273,-38.4598163,pharmacy,Drogaria São Paulo
-12.9962278,-38.4637262,bank,Banco do Brasil
-12.9900115,-38.4589857,dentist,Oral Unic Implantes
-12.9963116,-38.4639934,bank,Caixa Econômica Federal
-12.9923200,-38.4626866,restaurant,Good good
-12.9923486,-38.4627270,pub,Happy Hour
-12.9927949,-38.4627656,pharmacy,Flora Manipulação
-12.9936584,-38.4604421,fast_food,Zaatar
-12.9950447,-38.4715214,atm,Banco24Horas
-12.9955785,-38.4710589,fast_food,Carambola
-12.9952224,-38.4713053,pharmacy,A Terapêutica
-13.0025160,-38.4544881,restaurant,Sushi Bahia to go
-12.9942047,-38.4575387,restaurant,Martim Pescador
-12.9940930,-38.4580264,pub,Proa Cervejaria
-12.9909542,-38.4604892,clinic,CARE - Centro de alto rendimento no esporte
-13.0002497,-38.4579767,pub,Outbecko
-13.0039963,-38.4567658,bar,Ponte Aérea
-13.0020301,-38.4571742,restaurant,Rice
-12.9906752,-38.4571637,restaurant,Buddha Bistrô Asiático
-12.9902257,-38.4569019,restaurant,Kero Massa
-12.9936062,-38.4554722,bar,Zacca
-12.9935782,-38.4559841,restaurant,Mamma's Pizza
-12.9905833,-38.4575538,cafe,La Padokita
-12.9957936,-38.4708900,bicycle_rental,Paseo Itaigara
-12.9996457,-38.4587322,clinic,Instituto Desenvolver
-12.9951002,-38.4674425,atm,Banco24Horas
-12.9951539,-38.4674801,post_office,Correios
-12.9864192,-38.4577383,pharmacy,Globo
-13.0013498,-38.4565269,bar,PA2
-12.9956560,-38.4694088,restaurant,Terraço
-12.9940190,-38.4580285,restaurant,A Companhia do Sertão
-12.9881309,-38.4667618,restaurant,Le Páprika
-12.9936026,-38.4557541,veterinary,reaBAvet
-12.9933383,-38.4548078,restaurant,Tai San
-12.9926843,-38.4548149,bank,Caixa Econômica Federal
-13.0047813,-38.4603915,restaurant,Yokoyama
-12.9887210,-38.4561324,restaurant,Puro Sabor
-12.9889386,-38.4554538,school,Leffler Vestibular
-12.9903352,-38.4562200,clinic,Cedermes
-12.9866137,-38.4572965,pharmacy,Drogasil
-12.9890641,-38.4554458,pharmacy,Elementar
-12.9882171,-38.4566512,restaurant,Di Parma
-13.0030304,-38.4565168,restaurant,Cantina Buoni Amici
-12.9901048,-38.4580308,pharmacy,Farmácia Ultra Econômica
-12.9990629,-38.4601691,restaurant,Casa Iryna
-12.9896844,-38.4669363,recycling,Ecoponto
-12.9918467,-38.4611099,veterinary,Semeve
-12.9937220,-38.4582011,pub,Choppim Happy Hour
-12.9938493,-38.4581916,restaurant,Moinho da Pizza
-12.9935172,-38.4580033,childcare,Colégio Jardins
-12.9971548,-38.4659303,dentist,Clinoi Serviços Odontológicos
-12.9971829,-38.4519323,restaurant,Maná
-13.0038170,-38.4559698,restaurant,Acqua & Farina
-12.9876451,-38.4666440,bank,Banco Daycoval
-12.9935669,-38.4529170,bar,Aleatórios Bar
-12.9919337,-38.4536150,school,Colégio Oficina
-12.9919416,-38.4532165,restaurant,Porto Brasil Gourmet
-12.9913280,-38.4532485,school,Escola Lápis de Cor
-12.9915703,-38.4532719,language_school,FISK
-12.9912524,-38.4532985,fast_food,Açaí Saúde
-12.9929637,-38.4530329,pub,Canal
-12.9936255,-38.4648973,atm,Banco24Horas
-13.0049928,-38.4606048,pharmacy,Drogasil
-12.9864035,-38.4575370,atm,Banco24Horas
-13.0028544,-38.4556447,pharmacy,Drogaria São Paulo
-13.0028722,-38.4557560,restaurant,Panda
-13.0033803,-38.4582007,dentist,Clioral
-12.9979683,-38.4603966,restaurant,Pizza da Chapada
-13.0014487,-38.4566679,language_school,Cultura Inglesa
-12.9876088,-38.4510260,clinic,Delfin
-12.9915937,-38.4572595,nursing_home,Holiste - residência terapêutica
-12.9916081,-38.4575447,school,Lua Nova - centro de estudos
-12.9916118,-38.4635970,dojo,"Centro de Treinamento de Judô, Jiu-Jitsu e Submission"
-12.9929252,-38.4560389,fast_food,Pizza Supreme
-12.9927997,-38.4548266,pharmacy,Singular Pharma
-12.9924469,-38.4548092,pharmacy,Pague Menos
-13.0012099,-38.4569268,restaurant,Restaurante Oceânico
-13.0009904,-38.4568530,restaurant,Skilo
-13.0010949,-38.4563220,veterinary,HPET
-12.9986623,-38.4612880,clinic,Oral Imagem
-12.9980103,-38.4621395,fast_food,Jhonys
-12.9979726,-38.4620877,restaurant,Novo Sabor
-12.9986536,-38.4601483,dentist,NBI Implantes dentários
-12.9986407,-38.4600513,dentist,Cenior
-12.9979965,-38.4599204,dojo,Karatê-Dô Tradicional
-12.9917946,-38.4611140,restaurant,Aloha Poke
-12.9965579,-38.4537363,restaurant,Comedoria
-12.9910960,-38.4701445,childcare,Centro Educacional Luz do Saber
-12.9884099,-38.4540259,school,Nossa Escola
-12.9867101,-38.4618384,pub,Segundo Expediente
-12.9880554,-38.4621801,fast_food,Acarajé da Didiu
-12.9925754,-38.4530701,car_wash,Fast Lava Jato
-12.9869419,-38.4584380,restaurant,Jerimum Buffet
-13.0042410,-38.4551465,restaurant,Cantina Cosa Nostra
-13.0044904,-38.4550578,pharmacy,Atacadão dos Remédios
-13.0046481,-38.4563688,bank,Banco do Brasil
-13.0053568,-38.4578021,pharmacy,Pharmapele
-13.0051348,-38.4583372,pharmacy,A Fórmula
-13.0055829,-38.4587552,pharmacy,Extrafarma
-13.0059601,-38.4606218,school,Gregor Mendel Vestibular
-13.0058935,-38.4605166,dentist,Hospital de Odontologia Especializada
-12.9992915,-38.4571880,restaurant,Oriental
-13.0024466,-38.4563019,clinic,Corporin
-13.0031243,-38.4572055,fast_food,Disque Coco
-13.0031803,-38.4571388,clinic,Clínica Rio de Janeiro
-12.9913706,-38.4597422,bar,Pirambeira
-12.9868189,-38.4569993,childcare,Pitchuco
-13.0020724,-38.4632389,doctors,Bruna Andrade Nutricionista
-13.0083445,-38.4624921,fast_food,Açaí no Kilo
-13.0082029,-38.4625893,restaurant,Di Lucca
-12.9902036,-38.4606245,ice_cream,Sorveteria da Ribeira
-12.9881722,-38.4563566,restaurant,Il Filetto
-12.9879807,-38.4562352,fast_food,La Kantuta
-13.0012327,-38.4612298,pharmacy,Drogasil
-13.0012714,-38.4617670,fast_food,Juca Açaí
-13.0030517,-38.4566013,place_of_worship,Igreja Cristã Maranata
-12.9988936,-38.4627536,fast_food,Taurus Burger and Beer
-12.9990418,-38.4635811,restaurant,Haack
-12.9919235,-38.4606298,clinic,Studio Fisio
-13.0078903,-38.4640280,restaurant,One Sushi
-12.9887937,-38.4554845,restaurant,Restaurante Origem
-12.9886980,-38.4555084,pub,Rhoncus Beer Garden
-13.0023206,-38.4573851,driving_school,Trânsito Livre
-13.0023495,-38.4575330,restaurant,Colher de Prata
-13.0027186,-38.4589149,fast_food,McDonald's
-13.0047460,-38.4615540,ice_cream,Outlet dos Picolés
-13.0063730,-38.4620350,restaurant,O Porco
-13.0069528,-38.4623387,fast_food,Acarajé da Chica
-13.0073644,-38.4633538,clinic,Centro Terapêutico do Idoso Flor de Lótus
-12.9900595,-38.4582537,restaurant,É Free
-12.9941818,-38.4592258,cafe,California Brownieria
-12.9909131,-38.4606420,restaurant,Arabesque
-12.9918012,-38.4592948,bar,Astro
-13.0059443,-38.4578790,ice_cream,A Cubana
-12.9929953,-38.4609510,clinic,igh Healthcare
-12.9941205,-38.4597615,fast_food,Pãozito
-13.0059990,-38.4571427,bicycle_rental,Nossa Senhora da Luz
-12.9928866,-38.4554728,bar,Quintal da Esquina
-12.9940872,-38.4589505,clinic,Canto Encanto
-12.9940833,-38.4589997,clinic,Carolina Dias
-13.0038403,-38.4570571,clinic,Hapvida Pituba I
-13.0057231,-38.4584579,clinic,Clínica do Trabalho
-13.0049381,-38.4552507,fast_food,Sotero Burger & Pub
-12.9914136,-38.4509414,school,Escola Espaço Ideal
-12.9927087,-38.4614499,recycling,Soma Vantagens
-12.9905270,-38.4581604,veterinary,Villa Lata
-12.9941181,-38.4539957,fast_food,Acarajé Dária & Laura
-12.9954005,-38.4710859,fast_food,Oakberry Açaí bowls
-12.9957449,-38.4704349,pharmacy,The Pharmacy
-13.0030392,-38.4578537,cafe,Coffeetown
-13.0029091,-38.4578423,restaurant,Pepo Restaurante
-13.0029686,-38.4578138,bar,La Bottega
-13.0023256,-38.4557137,ice_cream,Frio Gostoso
-13.0030179,-38.4580190,post_office,DHL
-13.0008778,-38.4600645,fast_food,Yankee
-12.9890483,-38.4601064,pub,Bar do Jorge
-12.9902405,-38.4568747,fast_food,Joks
-12.9961745,-38.4650100,restaurant,Nonni la Pasta Espressa
-12.9952311,-38.4714740,cafe,Boutique das Tortas
-12.9961625,-38.4639624,pharmacy,Pague Menos
-12.9936272,-38.4604752,fast_food,Pizzette
-12.9905812,-38.4574378,language_school,CNA
-12.9922972,-38.4605196,fast_food,La Empa
-12.9924826,-38.4552632,bar,Obá
-12.9926911,-38.4552734,prep_school,Kumon
-12.9925690,-38.4552619,bar,Marreco
-12.9867773,-38.4517975,restaurant,aSè Gastrobar
-12.9879972,-38.4505952,clinic,IORB
-13.0049407,-38.4540828,atm,Banco24Horas
-13.0033267,-38.4516860,bar,Espetto Baiano Prime
-12.9923751,-38.4542349,restaurant,Riz Bistrot
-12.9941441,-38.4596733,cafe,The Coffee
-13.0054397,-38.4599221,fast_food,Burger King
-13.0006886,-38.4603247,fast_food,Pizza Creek
-13.0010883,-38.4597226,fast_food,La Gringa
-13.0040041,-38.4534790,post_office,Jadlog
-12.9964025,-38.4635139,fast_food,Empada Gourmet
-12.9979930,-38.4599712,school,Escola Pequeno Liceu
-12.9994607,-38.4576652,dentist,Guimarães Lima Infinity
-12.9997417,-38.4576654,clinic,Vila de Gaia Terapias
-12.9956096,-38.4711272,cafe,Fresh Slow Food
-12.9896594,-38.4602911,clinic,Instituto Procardíaco
-12.9920528,-38.4611085,cafe,Do Coado ao Expresso
-12.9953087,-38.4671905,clinic,Centro de Diagnóstico por Imagem
-13.0039892,-38.4577962,cafe,Chocolate Lugano
-12.9901786,-38.4570981,ice_cream,Gelato Borelli
-12.9903815,-38.4524085,restaurant,Tangerina
-12.9929708,-38.4609928,fast_food,Beiju Mix
-13.0040025,-38.4597028,atm,Banco24Horas
-12.9954072,-38.4713770,cafe,Villa Cafeeiro
-13.0042591,-38.4608537,fast_food,Açaí Vilarejo
-12.9931583,-38.4609110,ice_cream,Capelinha
-12.9919066,-38.4552585,restaurant,Regalo Pizzaria
-12.9988121,-38.4610523,bank,Sicoob
-12.9961699,-38.4655037,pharmacy,Farmafórmula
-12.9960695,-38.4653709,restaurant,Fazendinha Grill
-13.0020759,-38.4619168,bar,Libertar Bier
-12.9905572,-38.4580847,fast_food,Pasta Way
-12.9937039,-38.4583309,cafe,Kofi Cafeteria
-13.0079850,-38.4636966,car_rental,Movida
-13.0054005,-38.4594506,veterinary,DOGatto
-12.9905879,-38.4579773,cafe,Odália
-12.9956556,-38.4691687,ice_cream,A Cubana
-12.9905936,-38.4610856,language_school,Minds
-12.9886739,-38.4710649,bar,DiFoca
-12.9955009,-38.4691249,clinic,Heal Institute
-12.9956912,-38.4703791,bank,Sicredi
-12.9907349,-38.4593180,clinic,Bio Salute
-12.9908163,-38.4610777,restaurant,Patroni
-12.9949833,-38.4713938,restaurant,La Pulperia
-13.0035875,-38.4578922,cafe,Ópera Café
-12.9904670,-38.4588287,bar,Botecaria
-13.0013218,-38.4507879,bar,Boteco do Caranguejo
-13.0039620,-38.4533739,fast_food,Pãozinho Delícia Baiano
-12.9959867,-38.4659014,language_school,Wizard
-13.0075391,-38.4611730,restaurant,Kion
-12.9901654,-38.4576792,bar,Seu Zelito Boteco dos Botecos
-12.9936223,-38.4556124,restaurant,Lar Café Bistrô
-12.9927921,-38.4530396,dojo,Alliance
-12.9942109,-38.4527567,restaurant,Nova Belles
-12.9923837,-38.4541896,restaurant,Alecrim
-12.9909645,-38.4533348,school,Escola Reino Encantado
-12.9908724,-38.4533524,events_venue,Super Fantástico
-12.9935749,-38.4550111,cafe,Viver Natura
-12.9929358,-38.4534125,language_school,inFlux
-12.9943996,-38.4533169,veterinary,Diagnose Animal
-12.9945044,-38.4530749,veterinary,Pet Doctor
-12.9991971,-38.4548989,pharmacy,Royal Farmácia de Manipulação
-12.9941200,-38.4595195,veterinary,Kennel Veterinária
-12.9932947,-38.4548005,restaurant,Dendê
-12.9916129,-38.4597620,bar,Tatu Bola
-12.9936275,-38.4604137,restaurant,O Chefão do Pirão
-12.9959231,-38.4528374,fast_food,Ital'in House
-12.9959718,-38.4528590,language_school,Mr. English
-12.9901610,-38.4534487,restaurant,Poke Boss
-12.9901677,-38.4577874,clinic,Multiclin
-12.9997581,-38.4596337,bicycle_rental,BRT Pituba
-13.0039161,-38.4590620,bicycle_rental,Praça Belo Horizonte
-13.0074441,-38.4602551,restaurant,Oriental Prime
-12.9898562,-38.4576143,ice_cream,tigelato
-12.9962217,-38.4638650,restaurant,Terraço Natura
-12.9956406,-38.4687655,cafe,D'Gregório do Café Ao Vinho
-12.9901682,-38.4608089,ice_cream,Sorvete Berry's
-12.9940450,-38.4582832,hospital,Hospital Fundação Baiana de Cardiologia
-12.9990873,-38.4599877,bar,Purgatório
-12.9940836,-38.4588564,cafe,Sêmola Café & Brunch
-12.9917745,-38.4604099,restaurant,Família Frantz Wine House
-13.0012616,-38.4570722,restaurant,Fabbrica di Pizza
-13.0079133,-38.4672828,place_of_worship,Igreja Adventista
-13.0081182,-38.4625113,cafe,Go Coffee
-13.0082117,-38.4628253,ice_cream,Capelinha
-13.0072261,-38.4620385,bicycle_rental,Pituba Manoel Dias
-13.0061736,-38.4609833,bank,Sicoob
-13.0032297,-38.4515852,bar,Jurerê Bar
-13.0026089,-38.4557083,music_school,School of Rock
-13.0069567,-38.4615915,bank,Agibank
-12.9915844,-38.4604411,restaurant,Kadan Sushi Bar
-12.9986530,-38.4654573,doctors,Alclin Hospital de Olhos
-12.9985935,-38.4654559,cafe,Memorial Café
-12.9979313,-38.4642249,cafe,Bistrô 55
-12.9954255,-38.4646872,bank,Caixa Econômica Federal
-13.0000929,-38.4547333,fast_food,Larica Lanche
-13.0003908,-38.4547475,bank,Br[P2P]Cripto LOJA BITCOIN
-12.9951605,-38.4712154,cafe,Sucré Doceria
-12.9952642,-38.4711532,restaurant,Poke Boss
-12.9997741,-38.4608182,clinic,Clínica CAM - Itaigara
-12.9940794,-38.4545872,fuel,BR
-12.9972859,-38.4652951,doctors,Prover - Clínica de Oftamologia e Cirurgia Especializada
-12.9961613,-38.4637964,pharmacy,Farmácias Ultra Popular
-12.9986624,-38.4653780,clinic,Image diagnóstico por imagem
-12.9873540,-38.4679677,car_rental,SW Rentacar
-12.9935373,-38.4526509,cafe,Confeitaria Le Lapin
-12.9900581,-38.4594666,clinic,Novaimuno
-12.9958316,-38.4669783,pharmacy,Farmácias Multmais
-13.0011753,-38.4563786,cafe,Confeitaria Thiago Sá
-13.0021548,-38.4534665,bank,Sicoob
-13.0049552,-38.4544248,veterinary,HPet
-13.0005641,-38.4569441,studio,R5 Produtora
-12.9908842,-38.4553265,dojo,GFTeam Jiu Jitsu
-12.9953320,-38.4646825,fast_food,Melt Burger
-12.9970166,-38.4546501,fast_food,Acarajé da Meire
-12.9976087,-38.4516770,restaurant,Taióba
-12.9902840,-38.4592944,clinic,Rio Concept
-13.0053938,-38.4558670,pub,Bar do Nei / Point do Bode
-12.9880183,-38.4671791,bicycle_rental,Av Paulo VI
-12.9979574,-38.4637448,clinic,Alergo Atendimentos Clínicos
-12.9972671,-38.4651972,clinic,Alergo Dermo Clin
-12.9979667,-38.4634819,cafe,Gran Café
-12.9980212,-38.4636615,cafe,Otni Café
-12.9978740,-38.4636064,pharmacy,Farma Vida
-12.9980717,-38.4634077,doctors,Planner
-12.9955991,-38.4675328,doctors,Qualimagem
-12.9956069,-38.4671857,clinic,Nutricare
